{
  "model/models-dbg.js": 1750833615283,
  "i18n/i18n_en.properties": 1751141310407,
  "i18n/i18n_en_US.properties": 1751141313235,
  "controller/BaseController.js": 1750846030004,
  "controller/NotFound.controller.js": 1750846123728,
  "controller/HomePage.controller.js": 1751275428112,
  "model/models.js": 1750833615283,
  "controller/App.controller.js": 1750846001747,
  "manifest.json": 1751334886097,
  "Component.js": 1751307284593,
  "controller/App-dbg.controller.js": 1750846001747,
  "controller/App.controller.js.map": 1751336296714,
  "controller/NotFound-dbg.controller.js": 1750846123728,
  "controller/NotFound.controller.js.map": 1751336296714,
  "controller/HomePage-dbg.controller.js": 1751275428112,
  "controller/HomePage.controller.js.map": 1751336296746,
  "i18n/i18n.properties": 1751141304695,
  "model/models.js.map": 1751336296712,
  "controller/BaseController-dbg.js": 1750846030004,
  "controller/BaseController.js.map": 1751336296716,
  "Component-dbg.js": 1751307284593,
  "Component.js.map": 1751336296721,
  "Component-preload.js": 1751336296843,
  "Component-preload.js.map": 1751336296843,
  "view/fragment/HomePageList.fragment.xml": 1751139548204,
  "view/fragment/HomePageDisplay.fragment.xml": 1751140494656,
  "view/fragment/HomePageCreate.fragment.xml": 1751139989122,
  "view/fragment/HomePageChange.fragment.xml": 1751139981894,
  "view/NotFound.view.xml": 1750846349352,
  "view/HomePage.view.xml": 1751142449189,
  "view/App.view.xml": 1750846351512,
  "image/abeamlogo.png": 1750846209924,
  "css/style.css": 1750833615287,
  "index.html": 1750833615279
}